Workbook

Sheet Interesados
A1: INTERESADOS DEL PROYECTO
A2: Quiénes usarán o se verán afectados por el sistema. Cada requerimiento debería poder atribuirse a uno de ellos.
A4: ID | B4: Interesado / Rol | C4: Necesidad principal | D4: Nivel de influencia | E4: Cómo se le consultó
A5: INT-01 | B5: Ing. GINO Rodriguez | C5: Saber si hay puestos libres y asegurar uno sin desplazarse hasta el laboratorio. | D5: Alta | E5: Entrevista + cuestionario
A6: INT-02 | B6: Lic. Rosmery | C6: Reservar un laboratorio completo para una sesión de clase, con prioridad. | D6: Alta | E6: Entrevista
A7: INT-03 | B7: Encargado de laboratorio | C7: Registrar la asistencia efectiva y liberar rápido los puestos no ocupados. | D7: Media | E7: Observación en sitio
A8: INT-04 | B8: Jefe de laboratorio | C8: Obtener indicadores de ocupación para sustentar compras de equipamiento. | D8: Alta | E8: Entrevista
A9: INT-05 | B9: Oficina de Sistemas | C9: Que el sistema use la cuenta institucional y no cree otra base de usuarios. | D9: Media | E9: Documento técnico

Sheet Reglas de Negocio
A1: REGLAS DE NEGOCIO
A2: Lo que ya es cierto en el negocio. Una regla NO es un requerimiento: el requerimiento dice qué debe hacer el sistema para respetarla.
A4: ID | B4: Regla de negocio | C4: Fuente | D4: Requisitos que la implementan
A5: RN-01 | B5: Un estudiante no puede tener más de una reserva activa por turno. | C5: Reglamento de laboratorios | D5: RF-03
A6: RN-02 | B6: Un estudiante no puede reservar más de 10 horas por semana. | C6: Reglamento de laboratorios | D6: RF-03
A7: RN-03 | B7: La reserva de un docente bloquea el laboratorio completo y cancela las reservas individuales de ese turno, notificando a los afectados. | C7: Entrevista jefe de laboratorio | D7: RF-06, RF-09
A8: RN-04 | B8: Si el estudiante no se presenta en los primeros 15 minutos del turno, la reserva se marca como no-show y el puesto queda libre. | C8: Observación en sitio | D8: RF-05
A9: RN-05 | B9: Tres no-show en un mismo mes suspenden al estudiante por dos semanas. | C9: Reglamento de laboratorios | D9: RF-07
A10: RN-06 | B10: Una reserva puede cancelarse hasta 2 horas antes del turno sin penalidad. | C10: Entrevista encargado | D10: RF-04
A11: RN-07 | B11: Solo el personal autorizado puede registrar, editar o desactivar laboratorios y puestos. | C11: Reglamento de laboratorios | D11: RF-10, RNF-02

Sheet Matriz Requerimientos
A1: MATRIZ DE REQUERIMIENTOS
A2: Hoja principal. Un requerimiento por fila. Las diez primeras columnas son obligatorias; las columnas L y M se calculan solas.
A4: ID | B4: Nombre | C4: Descripción (El sistema deberá…) | D4: Tipo | E4: Categoría RNF | F4: Actor | G4: Origen | H4: Referencia origen | I4: Prioridad | J4: Criterio de aceptación | K4: Componente | L4: Dependencias | M4: Estado
A5: RF-01 | B5: Autenticar usuario | C5: El sistema deberá autenticar al usuario mediante su cuenta institucional para que solo la comunidad universitaria acceda, bloqueando el acceso tras 3 intentos fallidos. | D5: Funcional | E5: — | F5: Estudiante / Docente | G5: Restricción técnica | H5: Oficina Sistemas | I5: Must | J5: Con credenciales válidas ingresa; al tercer intento fallido el acceso queda bloqueado 10 minutos. | K5: Autenticación | L5: — | M5: Aprobado
A6: RF-02 | B6: Consultar disponibilidad | C6: El sistema deberá mostrar los puestos libres por laboratorio, fecha y turno para que el estudiante decida sin desplazarse. | D6: Funcional | E6: — | F6: Estudiante | G6: Entrevista | H6: INT-01 | I6: Must | J6: El listado refleja el estado real y se despliega en menos de 2 segundos. | K6: Reservas | L6: RF-01 | M6: Aprobado
A7: RF-03 | B7: Reservar puesto | C7: El sistema deberá permitir reservar un puesto disponible para una fecha y turno, cumpliendo el límite de una reserva activa por turno y 10 horas semanales. | D7: Funcional | E7: — | F7: Estudiante | G7: Regla de negocio | H7: RN-01, RN-02 | I7: Must | J7: Genera un código de reserva único y rechaza la solicitud si se excede cualquiera de los dos límites. | K7: Reservas | L7: RF-02 | M7: Aprobado
A8: RF-04 | B8: Cancelar reserva | C8: El sistema deberá permitir cancelar una reserva hasta 2 horas antes del inicio del turno para que el puesto vuelva a estar disponible. | D8: Funcional | E8: — | F8: Estudiante | G8: Regla de negocio | H8: RN-06 | I8: Should | J8: Cancelada la reserva, el puesto aparece libre de inmediato; a menos de 2 horas la opción se deshabilita. | K8: Reservas | L8: RF-03 | M8: Aprobado
A9: RF-05 | B9: Registrar asistencia | C9: El sistema deberá permitir al encargado registrar la asistencia efectiva al puesto reservado, marcando no-show si el estudiante no se presenta en 15 minutos. | D9: Funcional | E9: — | F9: Encargado | G9: Regla de negocio | H9: RN-04 | I9: Must | J9: Transcurridos 15 minutos sin registro, el estado pasa a NO_SHOW y el puesto figura disponible. | K9: Asistencia | L9: RF-03 | M9: Aprobado
A10: RF-06 | B10: Reservar laboratorio completo | C10: El sistema deberá permitir al docente reservar un laboratorio completo para una sesión de clase, con prioridad sobre las reservas individuales. | D10: Funcional | E10: — | F10: Docente | G10: Regla de negocio | H10: RN-03 | I10: Must | J10: Al confirmarse, ningún puesto de ese laboratorio y turno queda disponible para estudiantes. | K10: Reservas | L10: RF-01 | M10: Aprobado
A11: RF-07 | B11: Aplicar suspensión por inasistencia | C11: El sistema deberá suspender por dos semanas al estudiante que acumule tres no-show en un mismo mes, para desincentivar la reserva sin uso. | D11: Funcional | E11: — | F11: Estudiante | G11: Regla de negocio | H11: RN-05 | I11: Should | J11: Al tercer no-show del mes el estudiante no puede crear reservas durante 14 días. | K11: Reservas | L11: RF-05 | M11: Propuesto
A12: RF-08 | B12: Generar reporte de ocupación | C12: El sistema deberá generar un reporte mensual de ocupación por laboratorio y turno para que el jefe de laboratorio sustente decisiones de equipamiento. | D12: Funcional | E12: — | F12: Jefe de laboratorio | G12: Entrevista | H12: INT-04 | I12: Must | J12: El reporte muestra reservas, asistencias y no-show por laboratorio y turno del mes elegido. | K12: Reportes | L12: RF-05 | M12: Aprobado
A13: RF-09 | B13: Notificar cancelación automática | C13: El sistema deberá notificar al estudiante cuando su reserva individual sea cancelada por una reserva docente del mismo turno. | D13: Funcional | E13: — | F13: Estudiante | G13: Regla de negocio | H13: RN-03 | I13: Should | J13: La notificación se emite dentro de los 5 minutos posteriores a la reserva del docente. | K13: Notificaciones | L13: RF-06 | M13: Propuesto
A14: RF-10 | B14: Administrar laboratorios | C14: El sistema deberá permitir al personal autorizado registrar, editar y desactivar laboratorios y puestos, indicando código, capacidad y ubicación. | D14: Funcional | E14: — | F14: Administrador | G14: Regla de negocio | H14: RN-07 | I14: Must | J14: Un laboratorio desactivado deja de aparecer en la consulta de disponibilidad. | K14: Administración | L14: RF-01 | M14: Aprobado
A15: RF-11 | B15: Consultar historial de reservas | C15: El sistema deberá permitir consultar el historial de reservas de los últimos 24 meses filtrando por estudiante y por fecha. | D15: Funcional | E15: — | F15: Jefe de laboratorio | G15: Documento | H15: Dirección de Escuela | I15: Should | J15: Devuelve resultados de cualquier fecha dentro de los 24 meses previos. | K15: Reportes | L15: RF-05 | M15: Propuesto
... A21: RNF-05 | B21: Conservación del historial | C21: El sistema deberá conservar el historial de reservas de los últimos 24 meses sin degradar el tiempo de consulta. | D21: No funcional | E21: Mantenibilidad | F21: Jefe de laboratorio | G21: Documento | H21: Dirección de Escuela | I21: Should | J21: Consultas sobre 24 meses de datos responden en menos de 5 segundos. | K21: Reportes | L21: RF-11 | M21: Propuesto

Sheet Casos de Prueba
A1: CASOS DE PRUEBA
A2: Cada caso verifica un requerimiento. Todo requisito Must debe tener al menos un caso asociado.
A4: ID | B4: Requisito verificado | C4: Escenario | D4: Datos de entrada | E4: Resultado esperado | F4: Resultado obtenido | G4: Estado
A5: CP-01 | B5: RF-01 | C5: Ingreso con credenciales válidas de la cuenta institucional. | D5: Usuario y contraseña correctos | E5: El sistema muestra la pantalla principal del estudiante. | G5: Pendiente
A6: CP-02 | B6: RF-01 | C6: Tres intentos consecutivos con contraseña incorrecta. | D6: Contraseña errónea x3 | E6: El acceso queda bloqueado durante 10 minutos. | G6: Pendiente
A7: CP-03 | B7: RF-02 | C7: Consulta de disponibilidad de LAB-A para el turno 09:00-11:00. | D7: LAB-A, fecha de hoy, turno 2 | E7: Se listan los puestos libres en menos de 2 segundos. | G7: Pendiente
A8: CP-04 | B8: RF-03 | C8: Dos estudiantes reservan el último puesto simultáneamente. | D8: Mismo puesto, mismo turno | E8: Solo una reserva se confirma; la otra recibe aviso de no disponibilidad. | G8: Pendiente
A9: CP-05 | B9: RF-03 | C9: Estudiante intenta una segunda reserva en el mismo turno. | D9: Reserva activa existente | E9: El sistema rechaza la solicitud citando la regla RN-01. | G9: Pendiente
A10: CP-06 | B10: RF-04 | C10: Cancelación a 1 hora del inicio del turno. | D10: Reserva con inicio en 60 min | E10: La opción de cancelar está deshabilitada. | G10: Pendiente
A11: CP-07 | B11: RF-05 | C11: Estudiante no se presenta al turno reservado. | D11: Sin registro de asistencia | E11: A los 15 minutos el estado pasa a NO_SHOW y el puesto se libera. | G11: Pendiente
A12: CP-08 | B12: RF-06 | C12: Docente reserva LAB-B completo para un turno con reservas individuales. | D12: LAB-B, turno 4 | E12: Se cancelan las reservas individuales y se notifica a los afectados. | G12: Pendiente
A13: CP-09 | B13: RF-08 | C13: Generación del reporte mensual de ocupación. | D13: Mes anterior completo | E13: El reporte muestra reservas, asistencias y no-show por laboratorio y turno. | G13: Pendiente
A14: CP-10 | B14: RNF-01 | C14: Prueba de carga con 200 sesiones concurrentes. | D14: 200 consultas simultáneas | E14: El percentil 95 del tiempo de respuesta es inferior a 2 segundos. | G14: Pendiente
A15: CP-11 | B15: RNF-02 | C15: Inspección del almacenamiento de credenciales. | D15: Consulta a la base de datos | E15: Ninguna credencial figura en texto plano. | G15: Pendiente
A16: CP-12 | B16: RNF-03 | C16: Cinco usuarios sin instrucción previa completan una reserva desde el móvil. | D16: 5 usuarios, teléfono propio | E16: Los cinco completan la reserva en menos de 2 minutos. | G16: Pendiente
A17: CP-13 | B17: RF-10 | C17: El administrador desactiva LAB-C y se consulta la disponibilidad. | D17: LAB-C desactivado | E17: LAB-C deja de aparecer en la consulta de disponibilidad. | G17: Pendiente

Sheet Matriz Trazabilidad
A1: MATRIZ DE TRAZABILIDAD
A2: Vista cruzada de la cadena completa. Las columnas B a F se traen solas desde la Matriz de Requerimientos; complete solo las columnas G y H.
A4: ID requisito | B4: Nombre | C4: Origen | D4: Prioridad | E4: Componente | F4: Casos de prueba | G4: Módulo / archivo de código | H4: Documento de diseño o ADR | I4: ¿Trazabilidad completa?
A5: =IF('Matriz Requerimientos'!A5="","",'Matriz Requerimientos'!A5) -> RF-01 | B5: =IF('Matriz Requerimientos'!A5="","",'Matriz Requerimientos'!B5) -> Autenticar usuario | C5: =IF('Matriz Requerimientos'!A5="","",'Matriz Requerimientos'!H5) -> Oficina Sistemas | D5: =IF('Matriz Requerimientos'!A5="","",'Matriz Requerimientos'!I5) -> Must | E5: =IF('Matriz Requerimientos'!A5="","",'Matriz Requerimientos'!K5) -> Autenticación | F5: =IF('Matriz Requerimientos'!A5="","",IF(COUNTIF('Casos de Prueba'!$B$5:$B$40,'Matriz Requerimientos'!A5)=0,"SIN PRUEBA",COUNTIF('Casos de Prueba'!$B$5:$B$40,'Matriz Requerimientos'!A5)&" caso(s)")) -> 2 caso(s) | I5: =IF(A5="","",IF(AND(C5<>"",E5<>"",F5<>"SIN PRUEBA",G5<>""),"Completa","Incompleta")) -> Incompleta
A6: =IF('Matriz Requerimientos'!A6="","",'Matriz Requerimientos'!A6) -> RF-02 | B6: =IF('Matriz Requerimientos'!A6="","",'Matriz Requerimientos'!B6) -> Consultar disponibilidad | C6: =IF('Matriz Requerimientos'!A6="","",'Matriz Requerimientos'!H6) -> INT-01 | D6: =IF('Matriz Requerimientos'!A6="","",'Matriz Requerimientos'!I6) -> Must | E6: =IF('Matriz Requerimientos'!A6="","",'Matriz Requerimientos'!K6) -> Reservas | F6: =IF('Matriz Requerimientos'!A6="","",IF(COUNTIF('Casos de Prueba'!$B$5:$B$40,'Matriz Requerimientos'!A6)=0,"SIN PRUEBA",COUNTIF('Casos de Prueba'!$B$5:$B$40,'Matriz Requerimientos'!A6)&" caso(s)")) -> 1 caso(s) | I6: =IF(A6="","",IF(AND(C6<>"",E6<>"",F6<>"SIN PRUEBA",G6<>""),"Completa","Incompleta")) -> Incompleta
A7: =IF('Matriz Requerimientos'!A7="","",'Matriz Requerimientos'!A7) -> RF-03 | B7: =IF('Matriz Requerimientos'!A7="","",'Matriz Requerimientos'!B7) -> Reservar puesto | C7: =IF('Matriz Requerimientos'!A7="","",'Matriz Requerimientos'!H7) -> RN-01, RN-02 | D7: =IF('Matriz Requerimientos'!A7="","",'Matriz Requerimientos'!I7) -> Must | E7: =IF('Matriz Requerimientos'!A7="","",'Matriz Requerimientos'!K7) -> Reservas | F7: =IF('Matriz Requerimientos'!A7="","",IF(COUNTIF('Casos de Prueba'!$B$5:$B$40,'Matriz Requerimientos'!A7)=0,"SIN PRUEBA",COUNTIF('Casos de Prueba'!$B$5:$B$40,'Matriz Requerimientos'!A7)&" caso(s)")) -> 2 caso(s) | I7: =IF(A7="","",IF(AND(C7<>"",E7<>"",F7<>"SIN PRUEBA",G7<>""),"Completa","Incompleta")) -> Incompleta
A8: =IF('Matriz Requerimientos'!A8="","",'Matriz Requerimientos'!A8) -> RF-04 | B8: =IF('Matriz Requerimientos'!A8="","",'Matriz Requerimientos'!B8) -> Cancelar reserva | C8: =IF('Matriz Requerimientos'!A8="","",'Matriz Requerimientos'!H8) -> RN-06 | D8: =IF('Matriz Requerimientos'!A8="","",'Matriz Requerimientos'!I8) -> Should | E8: =IF('Matriz Requerimientos'!A8="","",'Matriz Requerimientos'!K8) -> Reservas | F8: =IF('Matriz Requerimientos'!A8="","",IF(COUNTIF('Casos de Prueba'!$B$5:$B$40,'Matriz Requerimientos'!A8)=0,"SIN PRUEBA",COUNTIF('Casos de Prueba'!$B$5:$B$40,'Matriz Requerimientos'!A8)&" caso(s)")) -> 1 caso(s) | I8: =IF(A8="","",IF(AND(C8<>"",E8<>"",F8<>"SIN PRUEBA",G8<>""),"Completa","Incompleta")) -> Incompleta
A9: =IF('Matriz Requerimientos'!A9="","",'Matriz Requerimientos'!A9) -> RF-05 | B9: =IF('Matriz Requerimientos'!A9="","",'Matriz Requerimientos'!B9) -> Registrar asistencia | C9: =IF('Matriz Requerimientos'!A9="","",'Matriz Requerimientos'!H9) -> RN-04 | D9: =IF('Matriz Requerimientos'!A9="","",'Matriz Requerimientos'!I9) -> Must | E9: =IF('Matriz Requerimientos'!A9="","",'Matriz Requerimientos'!K9) -> Asistencia | F9: =IF('Matriz Requerimientos'!A9="","",IF(COUNTIF('Casos de Prueba'!$B$5:$B$40,'Matriz Requerimientos'!A9)=0,"SIN PRUEBA",COUNTIF('Casos de Prueba'!$B$5:$B$40,'Matriz Requerimientos'!A9)&" caso(s)")) -> 1 caso(s) | I9: =IF(A9="","",IF(AND(C9<>"",E9<>"",F9<>"SIN PRUEBA",G9<>""),"Completa","Incompleta")) -> Incompleta
A10: =IF('Matriz Requerimientos'!A10="","",'Matriz Requerimientos'!A10) -> RF-06 | B10: =IF('Matriz Requerimientos'!A10="","",'Matriz Requerimientos'!B10) -> Reservar laboratorio completo | C10: =IF('Matriz Requerimientos'!A10="","",'Matriz Requerimientos'!H10) -> RN-03 | D10: =IF('Matriz Requerimientos'!A10="","",'Matriz Requerimientos'!I10) -> Must | E10: =IF('Matriz Requerimientos'!A10="","",'Matriz Requerimientos'!K10) -> Reservas | F10: =IF('Matriz Requerimientos'!A10="","",IF(COUNTIF('Casos de Prueba'!$B$5:$B$40,'Matriz Requerimientos'!A10)=0,"SIN PRUEBA",COUNTIF('Casos de Prueba'!$B$5:$B$40,'Matriz Requerimientos'!A10)&" caso(s)")) -> 1 caso(s) | I10: =IF(A10="","",IF(AND(C10<>"",E10<>"",F10<>"SIN PRUEBA",G10<>""),"Completa","Incompleta")) -> Incompleta
A11: =IF('Matriz Requerimientos'!A11="","",'Matriz Requerimientos'!A11) -> RF-07 | B11: =IF('Matriz Requerimientos'!A11="","",'Matriz Requerimientos'!B11) -> Aplicar suspensión por inasistencia | C11: =IF('Matriz Requerimientos'!A11="","",'Matriz Requerimientos'!H11) -> RN-05 | D11: =IF('Matriz Requerimientos'!A11="","",'Matriz Requerimientos'!I11) -> Should | E11: =IF('Matriz Requerimientos'!A11="","",'Matriz Requerimientos'!K11) -> Reservas | F11: =IF('Matriz Requerimientos'!A11="","",IF(COUNTIF('Casos de Prueba'!$B$5:$B$40,'Matriz Requerimientos'!A11)=0,"SIN PRUEBA",COUNTIF('Casos de Prueba'!$B$5:$B$40,'Matriz Requerimientos'!A11)&" caso(s)")) -> SIN PRUEBA | I11: =IF(A11="","",IF(AND(C11<>"",E11<>"",F11<>"SIN PRUEBA",G11<>""),"Completa","Incompleta")) -> Incompleta
A12: =IF('Matriz Requerimientos'!A12="","",'Matriz Requerimientos'!A12) -> RF-08 | B12: =IF('Matriz Requerimientos'!A12="","",'Matriz Requerimientos'!B12) -> Generar reporte de ocupación | C12: =IF('Matriz Requerimientos'!A12="","",'Matriz Requerimientos'!H12) -> INT-04 | D12: =IF('Matriz Requerimientos'!A12="","",'Matriz Requerimientos'!I12) -> Must | E12: =IF('Matriz Requerimientos'!A12="","",'Matriz Requerimientos'!K12) -> Reportes | F12: =IF('Matriz Requerimientos'!A12="","",IF(COUNTIF('Casos de Prueba'!$B$5:$B$40,'Matriz Requerimientos'!A12)=0,"SIN PRUEBA",COUNTIF('Casos de Prueba'!$B$5:$B$40,'Matriz Requerimientos'!A12)&" caso(s)")) -> 1 caso(s) | I12: =IF(A12="","",IF(AND(C12<>"",E12<>"",F12<>"SIN PRUEBA",G12<>""),"Completa","Incompleta")) -> Incompleta
A13: =IF('Matriz Requerimientos'!A13="","",'Matriz Requerimientos'!A13) -> RF-09 | B13: =IF('Matriz Requerimientos'!A13="","",'Matriz Requerimientos'!B13) -> Notificar cancelación automática | C13: =IF('Matriz Requerimientos'!A13="","",'Matriz Requerimientos'!H13) -> RN-03 | D13: =IF('Matriz Requerimientos'!A13="","",'Matriz Requerimientos'!I13) -> Should | E13: =IF('Matriz Requerimientos'!A13="","",'Matriz Requerimientos'!K13) -> Notificaciones | F13: =IF('Matriz Requerimientos'!A13="","",IF(COUNTIF('Casos de Prueba'!$B$5:$B$40,'Matriz Requerimientos'!A13)=0,"SIN PRUEBA",COUNTIF('Casos de Prueba'!$B$5:$B$40,'Matriz Requerimientos'!A13)&" caso(s)")) -> SIN PRUEBA | I13: =IF(A13="","",IF(AND(C13<>"",E13<>"",F13<>"SIN PRUEBA",G13<>""),"Completa","Incompleta")) -> Incompleta
A14: =IF('Matriz Requerimientos'!A14="","",'Matriz Requerimientos'!A14) -> RF-10 | B14: =IF('Matriz Requerimientos'!A14="","",'Matriz Requerimientos'!B14) -> Administrar laboratorios | C14: =IF('Matriz Requerimientos'!A14="","",'Matriz Requerimientos'!H14) -> RN-07 | D14: =IF('Matriz Requerimientos'!A14="","",'Matriz Requerimientos'!I14) -> Must | E14: =IF('Matriz Requerimientos'!A14="","",'Matriz Requerimientos'!K14) -> Administración | F14: =IF('Matriz Requerimientos'!A14="","",IF(COUNTIF('Casos de Prueba'!$B$5:$B$40,'Matriz Requerimientos'!A14)=0,"SIN PRUEBA",COUNTIF('Casos de Prueba'!$B$5:$B$40,'Matriz Requerimientos'!A14)&" caso(s)")) -> 1 caso(s) | I14: =IF(A14="","",IF(AND(C14<>"",E14<>"",F14<>"SIN PRUEBA",G14<>""),"Completa","Incompleta")) -> Incompleta
A15: =IF('Matriz Requerimientos'!A15="","",'Matriz Requerimientos'!A15) -> RF-11 | B15: =IF('Matriz Requerimientos'!A15="","",'Matriz Requerimientos'!B15) -> Consultar historial de reservas | C15: =IF('Matriz Requerimientos'!A15="","",'Matriz Requerimientos'!H15) -> Dirección de Escuela | D15: =IF('Matriz Requerimientos'!A15="","",'Matriz Requerimientos'!I15) -> Should | E15: =IF('Matriz Requerimientos'!A15="","",'Matriz Requerimientos'!K15) -> Reportes | F15: =IF('Matriz Requerimientos'!A15="","",IF(COUNTIF('Casos de Prueba'!$B$5:$B$40,'Matriz Requerimientos'!A15)=0,"SIN PRUEBA",COUNTIF('Casos de Prueba'!$B$5:$B$40,'Matriz Requerimientos'!A15)&" caso(s)")) -> SIN PRUEBA | I15: =IF(A15="","",IF(AND(C15<>"",E15<>"",F15<>"SIN PRUEBA",G15<>""),"Completa","Incompleta")) -> Incompleta
A16: =IF('Matriz Requerimientos'!A16="","",'Matriz Requerimientos'!A16) -> RF-12 | B16: =IF('Matriz Requerimientos'!A16="","",'Matriz Requerimientos'!B16) -> Liberar puestos vencidos | C16: =IF('Matriz Requerimientos'!A16="","",'Matriz Requerimientos'!H16) -> INT-03 | D16: =IF('Matriz Requerimientos'!A16="","",'Matriz Requerimientos'!I16) -> Could | E16: =IF('Matriz Requerimientos'!A16="","",'Matriz Requerimientos'!K16) -> Asistencia | F16: =IF('Matriz Requerimientos'!A16="","",IF(COUNTIF('Casos de Prueba'!$B$5:$B$40,'Matriz Requerimientos'!A16)=0,"SIN PRUEBA",COUNTIF('Casos de Prueba'!$B$5:$B$40,'Matriz Requerimientos'!A16)&" caso(s)")) -> SIN PRUEBA | I16: =IF(A16="","",IF(AND(C16<>"",E16<>"",F16<>"SIN PRUEBA",G16<>""),"Completa","Incompleta")) -> Incompleta
... A60: =IF('Matriz Requerimientos'!A60="","",'Matriz Requerimientos'!A60) | B60: =IF('Matriz Requerimientos'!A60="","",'Matriz Requerimientos'!B60) | C60: =IF('Matriz Requerimientos'!A60="","",'Matriz Requerimientos'!H60) | D60: =IF('Matriz Requerimientos'!A60="","",'Matriz Requerimientos'!I60) | E60: =IF('Matriz Requerimientos'!A60="","",'Matriz Requerimientos'!K60) | F60: =IF('Matriz Requerimientos'!A60="","",IF(COUNTIF('Casos de Prueba'!$B$5:$B$40,'Matriz Requerimientos'!A60)=0,"SIN PRUEBA",COUNTIF('Casos de Prueba'!$B$5:$B$40,'Matriz Requerimientos'!A60)&" caso(s)")) | I60: =IF(A60="","",IF(AND(C60<>"",E60<>"",F60<>"SIN PRUEBA",G60<>""),"Completa","Incompleta"))
